query,dataflow,scale_factor,customer_factor,core_pin,workers,extra_workers,add_cpu_threads,chunk_bytes,nvchunk,comp_algo,sort_by,max_gpu_um_memory,pruning,pruning_param,pruning_p,pruning_m,simulate_compute_ms,event_sync,device_mem_total,device_mem_used,host_mem_used,comp_bytes,uncomp_bytes,pruned_bytes,population_ms,comp_ms,prune_ms,time_ms,debug_0,debug_1,debug_2,debug_3
# GPU   Info: NVIDIA A100-SXM4-40GB, 00000000:47:00.0
# Slurm Info: 30663 32 1 gres:gpu:gpu_group1:1
# ../../../bin/ssb --dataflow=SSD2GPU --chunk_bytes=65536,262144,1048576,4194304,16777216,67108864,268435456 --comp_algo=UNCOMPRESSED,BEST_BW_COMP --cuda_device=0 --init_variant=init_only --nvchunk=65536 --print=csv --query=select_orderpriority,select_commitdate --repeat=2 --scale_factor=100 --ssdpath=/raid/gds/100G.file --dbpath=/mnt/labstore/nboeschen/ssb/diskdb100.dat --store_offset=0 --workers=1,2,4,8,16 --customer_factor=1 --sim_compute_ms=100 --event_sync=true
#[INFO ] Loading table data from disk ...
select_orderpriority,SSD2GPU,100,1,,1,1,1,65536,65536,UNCOMPRESSED,natural,0,DONTPRUNE,16,0.01,8192,100,1,42298834944,65536,86775697408,9600266240,9600266112,0,-1,1115.65,-1,32741.3,,,,
select_orderpriority,SSD2GPU,100,1,,1,1,1,262144,65536,UNCOMPRESSED,natural,0,DONTPRUNE,16,0.01,8192,100,1,42298834944,262144,86775894016,9600266240,9600266112,0,-1,1081.33,-1,11372.5,,,,
select_orderpriority,SSD2GPU,100,1,,1,1,1,1048576,65536,UNCOMPRESSED,natural,0,DONTPRUNE,16,0.01,8192,100,1,42298834944,1048576,86776156160,9600266240,9600266112,0,-1,1089.83,-1,4236.74,,,,
select_orderpriority,SSD2GPU,100,1,,1,1,1,4194304,65536,UNCOMPRESSED,natural,0,DONTPRUNE,16,0.01,8192,100,1,42298834944,4194304,86776156160,9600266240,9600266112,0,-1,1018.32,-1,1805.49,,,,
select_orderpriority,SSD2GPU,100,1,,1,1,1,16777216,65536,UNCOMPRESSED,natural,0,DONTPRUNE,16,0.01,8192,100,1,42298834944,16777216,86788739072,9600266240,9600266112,0,-1,1148.55,-1,865.652,,,,
select_orderpriority,SSD2GPU,100,1,,1,1,1,67108864,65536,UNCOMPRESSED,natural,0,DONTPRUNE,16,0.01,8192,100,1,42298834944,67108864,86839070720,9600266240,9600266112,0,-1,1020.9,-1,826.599,,,,
select_orderpriority,SSD2GPU,100,1,,1,1,1,268435456,65536,UNCOMPRESSED,natural,0,DONTPRUNE,16,0.01,8192,100,1,42298834944,268435456,86839070720,9600266240,9600266112,0,-1,1029.48,-1,828.549,,,,
select_orderpriority,SSD2GPU,100,1,,1,1,1,65536,65536,BEST_BW_COMP,natural,0,DONTPRUNE,16,0.01,8192,100,1,42298834944,849507840,86775697408,1023455232,9600266112,0,-1,382759,-1,91239.2,,,,
select_orderpriority,SSD2GPU,100,1,,1,1,1,262144,65536,BEST_BW_COMP,natural,0,DONTPRUNE,16,0.01,8192,100,1,42298834944,849950208,86775894016,727875584,9600266112,0,-1,111016,-1,24270.8,,,,
select_orderpriority,SSD2GPU,100,1,,1,1,1,1048576,65536,BEST_BW_COMP,natural,0,DONTPRUNE,16,0.01,8192,100,1,42298834944,851719680,86776156160,660602880,9600266112,0,-1,31104,-1,6858.24,,,,
select_orderpriority,SSD2GPU,100,1,,1,1,1,4194304,65536,BEST_BW_COMP,natural,0,DONTPRUNE,16,0.01,8192,100,1,42298834944,858797568,86776156160,645906432,9600266112,0,-1,9005.47,-1,1960.25,,,,
select_orderpriority,SSD2GPU,100,1,,1,1,1,16777216,65536,BEST_BW_COMP,natural,0,DONTPRUNE,16,0.01,8192,100,1,42298834944,887109120,86788739072,643096576,9600266112,0,-1,2877.26,-1,616.069,,,,
select_orderpriority,SSD2GPU,100,1,,1,1,1,67108864,65536,BEST_BW_COMP,natural,0,DONTPRUNE,16,0.01,8192,100,1,42298834944,1000355328,86839070720,645537792,9600266112,0,-1,1266.64,-1,248.366,,,,
select_orderpriority,SSD2GPU,100,1,,1,1,1,268435456,65536,BEST_BW_COMP,natural,0,DONTPRUNE,16,0.01,8192,100,1,42298834944,1453340160,86839070720,645341184,9600266112,0,-1,994.447,-1,143.938,,,,
select_orderpriority,SSD2GPU,100,1,,2,1,1,65536,65536,UNCOMPRESSED,natural,0,DONTPRUNE,16,0.01,8192,100,1,42298834944,131072,86775697408,9600266240,9600266112,0,-1,1078.77,-1,16614.4,,,,
select_orderpriority,SSD2GPU,100,1,,2,1,1,262144,65536,UNCOMPRESSED,natural,0,DONTPRUNE,16,0.01,8192,100,1,42298834944,524288,86775894016,9600266240,9600266112,0,-1,1027.28,-1,5571.37,,,,
select_orderpriority,SSD2GPU,100,1,,2,1,1,1048576,65536,UNCOMPRESSED,natural,0,DONTPRUNE,16,0.01,8192,100,1,42298834944,2097152,86776156160,9600266240,9600266112,0,-1,1089.25,-1,2165.99,,,,
select_orderpriority,SSD2GPU,100,1,,2,1,1,4194304,65536,UNCOMPRESSED,natural,0,DONTPRUNE,16,0.01,8192,100,1,42298834944,8388608,86776156160,9600266240,9600266112,0,-1,995.55,-1,987.673,,,,
select_orderpriority,SSD2GPU,100,1,,2,1,1,16777216,65536,UNCOMPRESSED,natural,0,DONTPRUNE,16,0.01,8192,100,1,42298834944,33554432,86788739072,9600266240,9600266112,0,-1,1037.54,-1,642.868,,,,
select_orderpriority,SSD2GPU,100,1,,2,1,1,67108864,65536,UNCOMPRESSED,natural,0,DONTPRUNE,16,0.01,8192,100,1,42298834944,134217728,86839070720,9600266240,9600266112,0,-1,1090,-1,575.737,,,,
select_orderpriority,SSD2GPU,100,1,,2,1,1,268435456,65536,UNCOMPRESSED,natural,0,DONTPRUNE,16,0.01,8192,100,1,42298834944,536870912,86839070720,9600266240,9600266112,0,-1,1093.02,-1,580.689,,,,
select_orderpriority,SSD2GPU,100,1,,2,1,1,65536,65536,BEST_BW_COMP,natural,0,DONTPRUNE,16,0.01,8192,100,1,42298834944,1699015680,86775697408,1023455232,9600266112,0,-1,382954,-1,46272.2,,,,
select_orderpriority,SSD2GPU,100,1,,2,1,1,262144,65536,BEST_BW_COMP,natural,0,DONTPRUNE,16,0.01,8192,100,1,42298834944,1699900416,86775894016,727875584,9600266112,0,-1,110972,-1,12315.1,,,,
select_orderpriority,SSD2GPU,100,1,,2,1,1,1048576,65536,BEST_BW_COMP,natural,0,DONTPRUNE,16,0.01,8192,100,1,42298834944,1703439360,86776156160,660602880,9600266112,0,-1,31126.9,-1,3468.15,,,,
select_orderpriority,SSD2GPU,100,1,,2,1,1,4194304,65536,BEST_BW_COMP,natural,0,DONTPRUNE,16,0.01,8192,100,1,42298834944,1717595136,86776156160,645906432,9600266112,0,-1,8967.19,-1,990.403,,,,
select_orderpriority,SSD2GPU,100,1,,2,1,1,16777216,65536,BEST_BW_COMP,natural,0,DONTPRUNE,16,0.01,8192,100,1,42298834944,1774218240,86788739072,643096576,9600266112,0,-1,2767.79,-1,314.177,,,,
select_orderpriority,SSD2GPU,100,1,,2,1,1,67108864,65536,BEST_BW_COMP,natural,0,DONTPRUNE,16,0.01,8192,100,1,42298834944,2000710656,86839070720,645537792,9600266112,0,-1,1250.26,-1,133.624,,,,
select_orderpriority,SSD2GPU,100,1,,2,1,1,268435456,65536,BEST_BW_COMP,natural,0,DONTPRUNE,16,0.01,8192,100,1,42298834944,2906680320,86839070720,645341184,9600266112,0,-1,980.995,-1,83.1536,,,,
select_orderpriority,SSD2GPU,100,1,,4,1,1,65536,65536,UNCOMPRESSED,natural,0,DONTPRUNE,16,0.01,8192,100,1,42298834944,262144,86775697408,9600266240,9600266112,0,-1,1094.08,-1,8554.9,,,,
select_orderpriority,SSD2GPU,100,1,,4,1,1,262144,65536,UNCOMPRESSED,natural,0,DONTPRUNE,16,0.01,8192,100,1,42298834944,1048576,86775894016,9600266240,9600266112,0,-1,1026.25,-1,2957.78,,,,
select_orderpriority,SSD2GPU,100,1,,4,1,1,1048576,65536,UNCOMPRESSED,natural,0,DONTPRUNE,16,0.01,8192,100,1,42298834944,4194304,86776156160,9600266240,9600266112,0,-1,1029.21,-1,1180.91,,,,
select_orderpriority,SSD2GPU,100,1,,4,1,1,4194304,65536,UNCOMPRESSED,natural,0,DONTPRUNE,16,0.01,8192,100,1,42298834944,16777216,86776156160,9600266240,9600266112,0,-1,1028.27,-1,596.166,,,,
select_orderpriority,SSD2GPU,100,1,,4,1,1,16777216,65536,UNCOMPRESSED,natural,0,DONTPRUNE,16,0.01,8192,100,1,42298834944,67108864,86788739072,9600266240,9600266112,0,-1,1098.59,-1,500.165,,,,
select_orderpriority,SSD2GPU,100,1,,4,1,1,67108864,65536,UNCOMPRESSED,natural,0,DONTPRUNE,16,0.01,8192,100,1,42298834944,268435456,86839070720,9600266240,9600266112,0,-1,1108,-1,494.732,,,,
select_orderpriority,SSD2GPU,100,1,,4,1,1,268435456,65536,UNCOMPRESSED,natural,0,DONTPRUNE,16,0.01,8192,100,1,42298834944,1073741824,86839070720,9600266240,9600266112,0,-1,990.657,-1,499.24,,,,
select_orderpriority,SSD2GPU,100,1,,4,1,1,65536,65536,BEST_BW_COMP,natural,0,DONTPRUNE,16,0.01,8192,100,1,42298834944,3398031360,86775697408,1023455232,9600266112,0,-1,383181,-1,23327.7,,,,
select_orderpriority,SSD2GPU,100,1,,4,1,1,262144,65536,BEST_BW_COMP,natural,0,DONTPRUNE,16,0.01,8192,100,1,42298834944,3399800832,86775894016,727875584,9600266112,0,-1,111031,-1,6133.17,,,,
select_orderpriority,SSD2GPU,100,1,,4,1,1,1048576,65536,BEST_BW_COMP,natural,0,DONTPRUNE,16,0.01,8192,100,1,42298834944,3406878720,86776156160,660602880,9600266112,0,-1,31101.9,-1,1756.6,,,,
select_orderpriority,SSD2GPU,100,1,,4,1,1,4194304,65536,BEST_BW_COMP,natural,0,DONTPRUNE,16,0.01,8192,100,1,42298834944,3435190272,86776156160,645906432,9600266112,0,-1,9052.03,-1,501.147,,,,
select_orderpriority,SSD2GPU,100,1,,4,1,1,16777216,65536,BEST_BW_COMP,natural,0,DONTPRUNE,16,0.01,8192,100,1,42298834944,3548436480,86788739072,643096576,9600266112,0,-1,2775.75,-1,161.269,,,,
select_orderpriority,SSD2GPU,100,1,,4,1,1,67108864,65536,BEST_BW_COMP,natural,0,DONTPRUNE,16,0.01,8192,100,1,42298834944,4001421312,86839070720,645537792,9600266112,0,-1,1250.23,-1,75.1395,,,,
select_orderpriority,SSD2GPU,100,1,,4,1,1,268435456,65536,BEST_BW_COMP,natural,0,DONTPRUNE,16,0.01,8192,100,1,42298834944,5813360640,86839070720,645341184,9600266112,0,-1,980.034,-1,58.9039,,,,
select_orderpriority,SSD2GPU,100,1,,8,1,1,65536,65536,UNCOMPRESSED,natural,0,DONTPRUNE,16,0.01,8192,100,1,42298834944,524288,86775697408,9600266240,9600266112,0,-1,1155.82,-1,4547.42,,,,
select_orderpriority,SSD2GPU,100,1,,8,1,1,262144,65536,UNCOMPRESSED,natural,0,DONTPRUNE,16,0.01,8192,100,1,42298834944,2097152,86775894016,9600266240,9600266112,0,-1,1072.47,-1,1573.01,,,,
select_orderpriority,SSD2GPU,100,1,,8,1,1,1048576,65536,UNCOMPRESSED,natural,0,DONTPRUNE,16,0.01,8192,100,1,42298834944,8388608,86776156160,9600266240,9600266112,0,-1,1006.38,-1,697.64,,,,
select_orderpriority,SSD2GPU,100,1,,8,1,1,4194304,65536,UNCOMPRESSED,natural,0,DONTPRUNE,16,0.01,8192,100,1,42298834944,33554432,86776156160,9600266240,9600266112,0,-1,1101.76,-1,477.209,,,,
select_orderpriority,SSD2GPU,100,1,,8,1,1,16777216,65536,UNCOMPRESSED,natural,0,DONTPRUNE,16,0.01,8192,100,1,42298834944,134217728,86788739072,9600266240,9600266112,0,-1,1239.04,-1,465.544,,,,
select_orderpriority,SSD2GPU,100,1,,8,1,1,67108864,65536,UNCOMPRESSED,natural,0,DONTPRUNE,16,0.01,8192,100,1,42298834944,536870912,86839070720,9600266240,9600266112,0,-1,1142.59,-1,466.483,,,,
select_orderpriority,SSD2GPU,100,1,,8,1,1,268435456,65536,UNCOMPRESSED,natural,0,DONTPRUNE,16,0.01,8192,100,1,42298834944,2147483648,86839070720,9600266240,9600266112,0,-1,1088.99,-1,475.243,,,,
select_orderpriority,SSD2GPU,100,1,,8,1,1,65536,65536,BEST_BW_COMP,natural,0,DONTPRUNE,16,0.01,8192,100,1,42298834944,6796062720,86775697408,1023455232,9600266112,0,-1,382532,-1,11856.1,,,,
select_orderpriority,SSD2GPU,100,1,,8,1,1,262144,65536,BEST_BW_COMP,natural,0,DONTPRUNE,16,0.01,8192,100,1,42298834944,6799601664,86775894016,727875584,9600266112,0,-1,110883,-1,3115.81,,,,
select_orderpriority,SSD2GPU,100,1,,8,1,1,1048576,65536,BEST_BW_COMP,natural,0,DONTPRUNE,16,0.01,8192,100,1,42298834944,6813757440,86776156160,660602880,9600266112,0,-1,31016.9,-1,894.827,,,,
select_orderpriority,SSD2GPU,100,1,,8,1,1,4194304,65536,BEST_BW_COMP,natural,0,DONTPRUNE,16,0.01,8192,100,1,42298834944,6870380544,86776156160,645906432,9600266112,0,-1,8966.1,-1,265.658,,,,
select_orderpriority,SSD2GPU,100,1,,8,1,1,16777216,65536,BEST_BW_COMP,natural,0,DONTPRUNE,16,0.01,8192,100,1,42298834944,7096872960,86788739072,643096576,9600266112,0,-1,2759.84,-1,91.7999,,,,
select_orderpriority,SSD2GPU,100,1,,8,1,1,67108864,65536,BEST_BW_COMP,natural,0,DONTPRUNE,16,0.01,8192,100,1,42298834944,8002842624,86839070720,645537792,9600266112,0,-1,1246.66,-1,55.821,,,,
select_orderpriority,SSD2GPU,100,1,,8,1,1,268435456,65536,BEST_BW_COMP,natural,0,DONTPRUNE,16,0.01,8192,100,1,42298834944,11626721280,86839070720,645341184,9600266112,0,-1,984.414,-1,62.6895,,,,
select_orderpriority,SSD2GPU,100,1,,16,1,1,65536,65536,UNCOMPRESSED,natural,0,DONTPRUNE,16,0.01,8192,100,1,42298834944,1048576,86775697408,9600266240,9600266112,0,-1,1117.99,-1,2498.43,,,,
select_orderpriority,SSD2GPU,100,1,,16,1,1,262144,65536,UNCOMPRESSED,natural,0,DONTPRUNE,16,0.01,8192,100,1,42298834944,4194304,86775894016,9600266240,9600266112,0,-1,1166.83,-1,887.571,,,,
select_orderpriority,SSD2GPU,100,1,,16,1,1,1048576,65536,UNCOMPRESSED,natural,0,DONTPRUNE,16,0.01,8192,100,1,42298834944,16777216,86776156160,9600266240,9600266112,0,-1,1028.86,-1,497.995,,,,
select_orderpriority,SSD2GPU,100,1,,16,1,1,4194304,65536,UNCOMPRESSED,natural,0,DONTPRUNE,16,0.01,8192,100,1,42298834944,67108864,86776156160,9600266240,9600266112,0,-1,1095.15,-1,472.268,,,,
select_orderpriority,SSD2GPU,100,1,,16,1,1,16777216,65536,UNCOMPRESSED,natural,0,DONTPRUNE,16,0.01,8192,100,1,42298834944,268435456,86788739072,9600266240,9600266112,0,-1,1003.19,-1,461.653,,,,
select_orderpriority,SSD2GPU,100,1,,16,1,1,67108864,65536,UNCOMPRESSED,natural,0,DONTPRUNE,16,0.01,8192,100,1,42298834944,1073741824,86839070720,9600266240,9600266112,0,-1,1014.78,-1,461.946,,,,
select_orderpriority,SSD2GPU,100,1,,16,1,1,268435456,65536,UNCOMPRESSED,natural,0,DONTPRUNE,16,0.01,8192,100,1,42298834944,4294967296,86839070720,9600266240,9600266112,0,-1,1170.44,-1,467.407,,,,
select_orderpriority,SSD2GPU,100,1,,16,1,1,65536,65536,BEST_BW_COMP,natural,0,DONTPRUNE,16,0.01,8192,100,1,42298834944,13592125440,86775697408,1023455232,9600266112,0,-1,382577,-1,11806.6,,,,
select_orderpriority,SSD2GPU,100,1,,16,1,1,262144,65536,BEST_BW_COMP,natural,0,DONTPRUNE,16,0.01,8192,100,1,42298834944,13599203328,86775894016,727875584,9600266112,0,-1,110854,-1,3143.33,,,,
select_orderpriority,SSD2GPU,100,1,,16,1,1,1048576,65536,BEST_BW_COMP,natural,0,DONTPRUNE,16,0.01,8192,100,1,42298834944,13627514880,86776156160,660602880,9600266112,0,-1,31077.5,-1,858.854,,,,
select_orderpriority,SSD2GPU,100,1,,16,1,1,4194304,65536,BEST_BW_COMP,natural,0,DONTPRUNE,16,0.01,8192,100,1,42298834944,13740761088,86776156160,645906432,9600266112,0,-1,8972.46,-1,232.811,,,,
select_orderpriority,SSD2GPU,100,1,,16,1,1,16777216,65536,BEST_BW_COMP,natural,0,DONTPRUNE,16,0.01,8192,100,1,42298834944,14193745920,86788739072,643096576,9600266112,0,-1,2774.96,-1,78.3094,,,,
select_orderpriority,SSD2GPU,100,1,,16,1,1,67108864,65536,BEST_BW_COMP,natural,0,DONTPRUNE,16,0.01,8192,100,1,42298834944,16005685248,86839070720,645537792,9600266112,0,-1,1372.64,-1,56.5499,,,,
select_orderpriority,SSD2GPU,100,1,,16,1,1,268435456,65536,BEST_BW_COMP,natural,0,DONTPRUNE,16,0.01,8192,100,1,42298834944,23253442560,86839070720,645341184,9600266112,0,-1,1042.82,-1,69.1567,,,,
select_commitdate,SSD2GPU,100,1,,1,1,1,65536,65536,UNCOMPRESSED,natural,0,DONTPRUNE,16,0.01,8192,100,1,42298834944,65536,81975578624,4800135168,4800133056,0,-1,516.192,-1,16273.4,,,,
select_commitdate,SSD2GPU,100,1,,1,1,1,262144,65536,UNCOMPRESSED,natural,0,DONTPRUNE,16,0.01,8192,100,1,42298834944,262144,81975775232,4800135168,4800133056,0,-1,540.401,-1,5566.94,,,,
select_commitdate,SSD2GPU,100,1,,1,1,1,1048576,65536,UNCOMPRESSED,natural,0,DONTPRUNE,16,0.01,8192,100,1,42298834944,1048576,81975775232,4800135168,4800133056,0,-1,542.334,-1,2251.92,,,,
select_commitdate,SSD2GPU,100,1,,1,1,1,4194304,65536,UNCOMPRESSED,natural,0,DONTPRUNE,16,0.01,8192,100,1,42298834944,4194304,81977872384,4800135168,4800133056,0,-1,522.37,-1,913.786,,,,
select_commitdate,SSD2GPU,100,1,,1,1,1,16777216,65536,UNCOMPRESSED,natural,0,DONTPRUNE,16,0.01,8192,100,1,42298834944,16777216,81990455296,4800135168,4800133056,0,-1,562.629,-1,453.913,,,,
select_commitdate,SSD2GPU,100,1,,1,1,1,67108864,65536,UNCOMPRESSED,natural,0,DONTPRUNE,16,0.01,8192,100,1,42298834944,67108864,82007232512,4800135168,4800133056,0,-1,522.44,-1,426.744,,,,
select_commitdate,SSD2GPU,100,1,,1,1,1,268435456,65536,UNCOMPRESSED,natural,0,DONTPRUNE,16,0.01,8192,100,1,42298834944,268435456,82007232512,4800135168,4800133056,0,-1,567.561,-1,415.102,,,,
select_commitdate,SSD2GPU,100,1,,1,1,1,65536,65536,BEST_BW_COMP,natural,0,DONTPRUNE,16,0.01,8192,100,1,42298834944,147456,81975578624,1500045312,4800133056,0,-1,7706.86,-1,9127.91,,,,
select_commitdate,SSD2GPU,100,1,,1,1,1,262144,65536,BEST_BW_COMP,natural,0,DONTPRUNE,16,0.01,8192,100,1,42298834944,589824,81975775232,1500037120,4800133056,0,-1,2815.18,-1,2803.41,,,,
select_commitdate,SSD2GPU,100,1,,1,1,1,1048576,65536,BEST_BW_COMP,natural,0,DONTPRUNE,16,0.01,8192,100,1,42298834944,2359296,81975775232,1451302912,4800133056,0,-1,1122.14,-1,1147.93,,,,
select_commitdate,SSD2GPU,100,1,,1,1,1,4194304,65536,BEST_BW_COMP,natural,0,DONTPRUNE,16,0.01,8192,100,1,42298834944,9437184,81977872384,1444823040,4800133056,0,-1,676.013,-1,521.142,,,,
select_commitdate,SSD2GPU,100,1,,1,1,1,16777216,65536,BEST_BW_COMP,natural,0,DONTPRUNE,16,0.01,8192,100,1,42298834944,37748736,81990455296,1443364864,4800133056,0,-1,546.139,-1,304.401,,,,
select_commitdate,SSD2GPU,100,1,,1,1,1,67108864,65536,BEST_BW_COMP,natural,0,DONTPRUNE,16,0.01,8192,100,1,42298834944,150994944,82007232512,1442922496,4800133056,0,-1,531.742,-1,193.589,,,,
select_commitdate,SSD2GPU,100,1,,1,1,1,268435456,65536,BEST_BW_COMP,natural,0,DONTPRUNE,16,0.01,8192,100,1,42298834944,603979776,82007232512,1442803712,4800133056,0,-1,530.274,-1,164.386,,,,
select_commitdate,SSD2GPU,100,1,,2,1,1,65536,65536,UNCOMPRESSED,natural,0,DONTPRUNE,16,0.01,8192,100,1,42298834944,131072,81975578624,4800135168,4800133056,0,-1,703.384,-1,8365.33,,,,
select_commitdate,SSD2GPU,100,1,,2,1,1,262144,65536,UNCOMPRESSED,natural,0,DONTPRUNE,16,0.01,8192,100,1,42298834944,524288,81975775232,4800135168,4800133056,0,-1,521.59,-1,2760.28,,,,
select_commitdate,SSD2GPU,100,1,,2,1,1,1048576,65536,UNCOMPRESSED,natural,0,DONTPRUNE,16,0.01,8192,100,1,42298834944,2097152,81975775232,4800135168,4800133056,0,-1,571.062,-1,1077.65,,,,
select_commitdate,SSD2GPU,100,1,,2,1,1,4194304,65536,UNCOMPRESSED,natural,0,DONTPRUNE,16,0.01,8192,100,1,42298834944,8388608,81977872384,4800135168,4800133056,0,-1,520.653,-1,494.677,,,,
select_commitdate,SSD2GPU,100,1,,2,1,1,16777216,65536,UNCOMPRESSED,natural,0,DONTPRUNE,16,0.01,8192,100,1,42298834944,33554432,81990455296,4800135168,4800133056,0,-1,537.672,-1,306.008,,,,
select_commitdate,SSD2GPU,100,1,,2,1,1,67108864,65536,UNCOMPRESSED,natural,0,DONTPRUNE,16,0.01,8192,100,1,42298834944,134217728,82007232512,4800135168,4800133056,0,-1,541.941,-1,274.898,,,,
select_commitdate,SSD2GPU,100,1,,2,1,1,268435456,65536,UNCOMPRESSED,natural,0,DONTPRUNE,16,0.01,8192,100,1,42298834944,536870912,82007232512,4800135168,4800133056,0,-1,520.594,-1,285.822,,,,
select_commitdate,SSD2GPU,100,1,,2,1,1,65536,65536,BEST_BW_COMP,natural,0,DONTPRUNE,16,0.01,8192,100,1,42298834944,294912,81975578624,1500045312,4800133056,0,-1,7876.42,-1,4519.05,,,,
select_commitdate,SSD2GPU,100,1,,2,1,1,262144,65536,BEST_BW_COMP,natural,0,DONTPRUNE,16,0.01,8192,100,1,42298834944,1179648,81975775232,1500037120,4800133056,0,-1,2810.57,-1,1468.22,,,,
select_commitdate,SSD2GPU,100,1,,2,1,1,1048576,65536,BEST_BW_COMP,natural,0,DONTPRUNE,16,0.01,8192,100,1,42298834944,4718592,81975775232,1451302912,4800133056,0,-1,1119.04,-1,592.827,,,,
select_commitdate,SSD2GPU,100,1,,2,1,1,4194304,65536,BEST_BW_COMP,natural,0,DONTPRUNE,16,0.01,8192,100,1,42298834944,18874368,81977872384,1444823040,4800133056,0,-1,679.802,-1,268.09,,,,
select_commitdate,SSD2GPU,100,1,,2,1,1,16777216,65536,BEST_BW_COMP,natural,0,DONTPRUNE,16,0.01,8192,100,1,42298834944,75497472,81990455296,1443364864,4800133056,0,-1,541.098,-1,163.074,,,,
select_commitdate,SSD2GPU,100,1,,2,1,1,67108864,65536,BEST_BW_COMP,natural,0,DONTPRUNE,16,0.01,8192,100,1,42298834944,301989888,82007232512,1442922496,4800133056,0,-1,533.089,-1,116.637,,,,
select_commitdate,SSD2GPU,100,1,,2,1,1,268435456,65536,BEST_BW_COMP,natural,0,DONTPRUNE,16,0.01,8192,100,1,42298834944,1207959552,82007232512,1442803712,4800133056,0,-1,531.249,-1,101.033,,,,
select_commitdate,SSD2GPU,100,1,,4,1,1,65536,65536,UNCOMPRESSED,natural,0,DONTPRUNE,16,0.01,8192,100,1,42298834944,262144,81975578624,4800135168,4800133056,0,-1,562.003,-1,4428.04,,,,
select_commitdate,SSD2GPU,100,1,,4,1,1,262144,65536,UNCOMPRESSED,natural,0,DONTPRUNE,16,0.01,8192,100,1,42298834944,1048576,81975775232,4800135168,4800133056,0,-1,518.059,-1,1467.2,,,,
select_commitdate,SSD2GPU,100,1,,4,1,1,1048576,65536,UNCOMPRESSED,natural,0,DONTPRUNE,16,0.01,8192,100,1,42298834944,4194304,81975775232,4800135168,4800133056,0,-1,521.572,-1,589.767,,,,
select_commitdate,SSD2GPU,100,1,,4,1,1,4194304,65536,UNCOMPRESSED,natural,0,DONTPRUNE,16,0.01,8192,100,1,42298834944,16777216,81977872384,4800135168,4800133056,0,-1,628.058,-1,309.095,,,,
select_commitdate,SSD2GPU,100,1,,4,1,1,16777216,65536,UNCOMPRESSED,natural,0,DONTPRUNE,16,0.01,8192,100,1,42298834944,67108864,81990455296,4800135168,4800133056,0,-1,523.581,-1,257.388,,,,
select_commitdate,SSD2GPU,100,1,,4,1,1,67108864,65536,UNCOMPRESSED,natural,0,DONTPRUNE,16,0.01,8192,100,1,42298834944,268435456,82007232512,4800135168,4800133056,0,-1,620.475,-1,254.232,,,,
select_commitdate,SSD2GPU,100,1,,4,1,1,268435456,65536,UNCOMPRESSED,natural,0,DONTPRUNE,16,0.01,8192,100,1,42298834944,1073741824,82007232512,4800135168,4800133056,0,-1,520.864,-1,249.473,,,,
select_commitdate,SSD2GPU,100,1,,4,1,1,65536,65536,BEST_BW_COMP,natural,0,DONTPRUNE,16,0.01,8192,100,1,42298834944,589824,81975578624,1500045312,4800133056,0,-1,7698.13,-1,2339.61,,,,
select_commitdate,SSD2GPU,100,1,,4,1,1,262144,65536,BEST_BW_COMP,natural,0,DONTPRUNE,16,0.01,8192,100,1,42298834944,2359296,81975775232,1500037120,4800133056,0,-1,2810.19,-1,805.507,,,,
select_commitdate,SSD2GPU,100,1,,4,1,1,1048576,65536,BEST_BW_COMP,natural,0,DONTPRUNE,16,0.01,8192,100,1,42298834944,9437184,81975775232,1451302912,4800133056,0,-1,1104.68,-1,313.665,,,,
select_commitdate,SSD2GPU,100,1,,4,1,1,4194304,65536,BEST_BW_COMP,natural,0,DONTPRUNE,16,0.01,8192,100,1,42298834944,37748736,81977872384,1444823040,4800133056,0,-1,748.665,-1,147.756,,,,
select_commitdate,SSD2GPU,100,1,,4,1,1,16777216,65536,BEST_BW_COMP,natural,0,DONTPRUNE,16,0.01,8192,100,1,42298834944,150994944,81990455296,1443364864,4800133056,0,-1,547.699,-1,94.6977,,,,
select_commitdate,SSD2GPU,100,1,,4,1,1,67108864,65536,BEST_BW_COMP,natural,0,DONTPRUNE,16,0.01,8192,100,1,42298834944,603979776,82007232512,1442922496,4800133056,0,-1,530.885,-1,90.0423,,,,
select_commitdate,SSD2GPU,100,1,,4,1,1,268435456,65536,BEST_BW_COMP,natural,0,DONTPRUNE,16,0.01,8192,100,1,42298834944,2415919104,82007232512,1442803712,4800133056,0,-1,531.934,-1,82.23,,,,
select_commitdate,SSD2GPU,100,1,,8,1,1,65536,65536,UNCOMPRESSED,natural,0,DONTPRUNE,16,0.01,8192,100,1,42298834944,524288,81975578624,4800135168,4800133056,0,-1,520.666,-1,2235.91,,,,
select_commitdate,SSD2GPU,100,1,,8,1,1,262144,65536,UNCOMPRESSED,natural,0,DONTPRUNE,16,0.01,8192,100,1,42298834944,2097152,81975775232,4800135168,4800133056,0,-1,569.915,-1,796.582,,,,
select_commitdate,SSD2GPU,100,1,,8,1,1,1048576,65536,UNCOMPRESSED,natural,0,DONTPRUNE,16,0.01,8192,100,1,42298834944,8388608,81975775232,4800135168,4800133056,0,-1,518.383,-1,342.22,,,,
select_commitdate,SSD2GPU,100,1,,8,1,1,4194304,65536,UNCOMPRESSED,natural,0,DONTPRUNE,16,0.01,8192,100,1,42298834944,33554432,81977872384,4800135168,4800133056,0,-1,784.098,-1,239.308,,,,
select_commitdate,SSD2GPU,100,1,,8,1,1,16777216,65536,UNCOMPRESSED,natural,0,DONTPRUNE,16,0.01,8192,100,1,42298834944,134217728,81990455296,4800135168,4800133056,0,-1,521.137,-1,233.228,,,,
select_commitdate,SSD2GPU,100,1,,8,1,1,67108864,65536,UNCOMPRESSED,natural,0,DONTPRUNE,16,0.01,8192,100,1,42298834944,536870912,82007232512,4800135168,4800133056,0,-1,542.696,-1,232.092,,,,
select_commitdate,SSD2GPU,100,1,,8,1,1,268435456,65536,UNCOMPRESSED,natural,0,DONTPRUNE,16,0.01,8192,100,1,42298834944,2147483648,82007232512,4800135168,4800133056,0,-1,607.46,-1,241.871,,,,
select_commitdate,SSD2GPU,100,1,,8,1,1,65536,65536,BEST_BW_COMP,natural,0,DONTPRUNE,16,0.01,8192,100,1,42298834944,1179648,81975578624,1500045312,4800133056,0,-1,7687.24,-1,1253.34,,,,
select_commitdate,SSD2GPU,100,1,,8,1,1,262144,65536,BEST_BW_COMP,natural,0,DONTPRUNE,16,0.01,8192,100,1,42298834944,4718592,81975775232,1500037120,4800133056,0,-1,2811.18,-1,432.495,,,,
select_commitdate,SSD2GPU,100,1,,8,1,1,1048576,65536,BEST_BW_COMP,natural,0,DONTPRUNE,16,0.01,8192,100,1,42298834944,18874368,81975775232,1451302912,4800133056,0,-1,1119.57,-1,173.226,,,,
select_commitdate,SSD2GPU,100,1,,8,1,1,4194304,65536,BEST_BW_COMP,natural,0,DONTPRUNE,16,0.01,8192,100,1,42298834944,75497472,81977872384,1444823040,4800133056,0,-1,679.598,-1,89.8808,,,,
select_commitdate,SSD2GPU,100,1,,8,1,1,16777216,65536,BEST_BW_COMP,natural,0,DONTPRUNE,16,0.01,8192,100,1,42298834944,301989888,81990455296,1443364864,4800133056,0,-1,615.247,-1,76.4076,,,,
select_commitdate,SSD2GPU,100,1,,8,1,1,67108864,65536,BEST_BW_COMP,natural,0,DONTPRUNE,16,0.01,8192,100,1,42298834944,1207959552,82007232512,1442922496,4800133056,0,-1,539.609,-1,81.8312,,,,
select_commitdate,SSD2GPU,100,1,,8,1,1,268435456,65536,BEST_BW_COMP,natural,0,DONTPRUNE,16,0.01,8192,100,1,42298834944,4831838208,82007232512,1442803712,4800133056,0,-1,529.62,-1,77.9038,,,,
select_commitdate,SSD2GPU,100,1,,16,1,1,65536,65536,UNCOMPRESSED,natural,0,DONTPRUNE,16,0.01,8192,100,1,42298834944,1048576,81975578624,4800135168,4800133056,0,-1,566.537,-1,1275.28,,,,
select_commitdate,SSD2GPU,100,1,,16,1,1,262144,65536,UNCOMPRESSED,natural,0,DONTPRUNE,16,0.01,8192,100,1,42298834944,4194304,81975775232,4800135168,4800133056,0,-1,546.146,-1,704.221,,,,
select_commitdate,SSD2GPU,100,1,,16,1,1,1048576,65536,UNCOMPRESSED,natural,0,DONTPRUNE,16,0.01,8192,100,1,42298834944,16777216,81975775232,4800135168,4800133056,0,-1,692.658,-1,249.106,,,,
select_commitdate,SSD2GPU,100,1,,16,1,1,4194304,65536,UNCOMPRESSED,natural,0,DONTPRUNE,16,0.01,8192,100,1,42298834944,67108864,81977872384,4800135168,4800133056,0,-1,520.045,-1,234.207,,,,
select_commitdate,SSD2GPU,100,1,,16,1,1,16777216,65536,UNCOMPRESSED,natural,0,DONTPRUNE,16,0.01,8192,100,1,42298834944,268435456,81990455296,4800135168,4800133056,0,-1,745.559,-1,230.484,,,,
select_commitdate,SSD2GPU,100,1,,16,1,1,67108864,65536,UNCOMPRESSED,natural,0,DONTPRUNE,16,0.01,8192,100,1,42298834944,1073741824,82007232512,4800135168,4800133056,0,-1,521.929,-1,234.823,,,,
select_commitdate,SSD2GPU,100,1,,16,1,1,268435456,65536,UNCOMPRESSED,natural,0,DONTPRUNE,16,0.01,8192,100,1,42298834944,4294967296,82007232512,4800135168,4800133056,0,-1,742.147,-1,234.324,,,,
select_commitdate,SSD2GPU,100,1,,16,1,1,65536,65536,BEST_BW_COMP,natural,0,DONTPRUNE,16,0.01,8192,100,1,42298834944,2359296,81975578624,1500045312,4800133056,0,-1,7895.88,-1,1205.44,,,,
select_commitdate,SSD2GPU,100,1,,16,1,1,262144,65536,BEST_BW_COMP,natural,0,DONTPRUNE,16,0.01,8192,100,1,42298834944,9437184,81975775232,1500037120,4800133056,0,-1,2805.31,-1,314.996,,,,
select_commitdate,SSD2GPU,100,1,,16,1,1,1048576,65536,BEST_BW_COMP,natural,0,DONTPRUNE,16,0.01,8192,100,1,42298834944,37748736,81975775232,1451302912,4800133056,0,-1,1122.71,-1,107.935,,,,
select_commitdate,SSD2GPU,100,1,,16,1,1,4194304,65536,BEST_BW_COMP,natural,0,DONTPRUNE,16,0.01,8192,100,1,42298834944,150994944,81977872384,1444823040,4800133056,0,-1,675.784,-1,78.6722,,,,
select_commitdate,SSD2GPU,100,1,,16,1,1,16777216,65536,BEST_BW_COMP,natural,0,DONTPRUNE,16,0.01,8192,100,1,42298834944,603979776,81990455296,1443364864,4800133056,0,-1,544.703,-1,84.2814,,,,
select_commitdate,SSD2GPU,100,1,,16,1,1,67108864,65536,BEST_BW_COMP,natural,0,DONTPRUNE,16,0.01,8192,100,1,42298834944,2415919104,82007232512,1442922496,4800133056,0,-1,531.941,-1,78.4921,,,,
select_commitdate,SSD2GPU,100,1,,16,1,1,268435456,65536,BEST_BW_COMP,natural,0,DONTPRUNE,16,0.01,8192,100,1,42298834944,9663676416,82007232512,1442803712,4800133056,0,-1,530.822,-1,75.9011,,,,
select_orderpriority,SSD2GPU,100,1,,1,1,1,65536,65536,UNCOMPRESSED,natural,0,DONTPRUNE,16,0.01,8192,100,1,42298834944,65536,86775697408,9600266240,9600266112,0,-1,1122.35,-1,32757.7,,,,
select_orderpriority,SSD2GPU,100,1,,1,1,1,262144,65536,UNCOMPRESSED,natural,0,DONTPRUNE,16,0.01,8192,100,1,42298834944,262144,86775894016,9600266240,9600266112,0,-1,1179.4,-1,11188.1,,,,
select_orderpriority,SSD2GPU,100,1,,1,1,1,1048576,65536,UNCOMPRESSED,natural,0,DONTPRUNE,16,0.01,8192,100,1,42298834944,1048576,86776156160,9600266240,9600266112,0,-1,1100.56,-1,4300.41,,,,
select_orderpriority,SSD2GPU,100,1,,1,1,1,4194304,65536,UNCOMPRESSED,natural,0,DONTPRUNE,16,0.01,8192,100,1,42298834944,4194304,86776156160,9600266240,9600266112,0,-1,1152.61,-1,1739.44,,,,
select_orderpriority,SSD2GPU,100,1,,1,1,1,16777216,65536,UNCOMPRESSED,natural,0,DONTPRUNE,16,0.01,8192,100,1,42298834944,16777216,86788739072,9600266240,9600266112,0,-1,1052.81,-1,883.054,,,,
select_orderpriority,SSD2GPU,100,1,,1,1,1,67108864,65536,UNCOMPRESSED,natural,0,DONTPRUNE,16,0.01,8192,100,1,42298834944,67108864,86839070720,9600266240,9600266112,0,-1,1035.37,-1,835.399,,,,
select_orderpriority,SSD2GPU,100,1,,1,1,1,268435456,65536,UNCOMPRESSED,natural,0,DONTPRUNE,16,0.01,8192,100,1,42298834944,268435456,86839070720,9600266240,9600266112,0,-1,1002.05,-1,812.621,,,,
select_orderpriority,SSD2GPU,100,1,,1,1,1,65536,65536,BEST_BW_COMP,natural,0,DONTPRUNE,16,0.01,8192,100,1,42298834944,849507840,86775697408,1023455232,9600266112,0,-1,382507,-1,91157.3,,,,
select_orderpriority,SSD2GPU,100,1,,1,1,1,262144,65536,BEST_BW_COMP,natural,0,DONTPRUNE,16,0.01,8192,100,1,42298834944,849950208,86775894016,727875584,9600266112,0,-1,110894,-1,24267.2,,,,
select_orderpriority,SSD2GPU,100,1,,1,1,1,1048576,65536,BEST_BW_COMP,natural,0,DONTPRUNE,16,0.01,8192,100,1,42298834944,851719680,86776156160,660602880,9600266112,0,-1,31088.4,-1,6846.31,,,,
select_orderpriority,SSD2GPU,100,1,,1,1,1,4194304,65536,BEST_BW_COMP,natural,0,DONTPRUNE,16,0.01,8192,100,1,42298834944,858797568,86776156160,645906432,9600266112,0,-1,8956.44,-1,1960.63,,,,
select_orderpriority,SSD2GPU,100,1,,1,1,1,16777216,65536,BEST_BW_COMP,natural,0,DONTPRUNE,16,0.01,8192,100,1,42298834944,887109120,86788739072,643096576,9600266112,0,-1,2760.07,-1,603.967,,,,
select_orderpriority,SSD2GPU,100,1,,1,1,1,67108864,65536,BEST_BW_COMP,natural,0,DONTPRUNE,16,0.01,8192,100,1,42298834944,1000355328,86839070720,645537792,9600266112,0,-1,1259.71,-1,254.844,,,,
select_orderpriority,SSD2GPU,100,1,,1,1,1,268435456,65536,BEST_BW_COMP,natural,0,DONTPRUNE,16,0.01,8192,100,1,42298834944,1453340160,86839070720,645341184,9600266112,0,-1,977.549,-1,141.196,,,,
select_orderpriority,SSD2GPU,100,1,,2,1,1,65536,65536,UNCOMPRESSED,natural,0,DONTPRUNE,16,0.01,8192,100,1,42298834944,131072,86775697408,9600266240,9600266112,0,-1,1098.63,-1,16500.9,,,,
select_orderpriority,SSD2GPU,100,1,,2,1,1,262144,65536,UNCOMPRESSED,natural,0,DONTPRUNE,16,0.01,8192,100,1,42298834944,524288,86775894016,9600266240,9600266112,0,-1,1189.78,-1,5678.86,,,,
select_orderpriority,SSD2GPU,100,1,,2,1,1,1048576,65536,UNCOMPRESSED,natural,0,DONTPRUNE,16,0.01,8192,100,1,42298834944,2097152,86776156160,9600266240,9600266112,0,-1,997.679,-1,2157.76,,,,
select_orderpriority,SSD2GPU,100,1,,2,1,1,4194304,65536,UNCOMPRESSED,natural,0,DONTPRUNE,16,0.01,8192,100,1,42298834944,8388608,86776156160,9600266240,9600266112,0,-1,1091.46,-1,994.874,,,,
select_orderpriority,SSD2GPU,100,1,,2,1,1,16777216,65536,UNCOMPRESSED,natural,0,DONTPRUNE,16,0.01,8192,100,1,42298834944,33554432,86788739072,9600266240,9600266112,0,-1,1110.65,-1,614.889,,,,
select_orderpriority,SSD2GPU,100,1,,2,1,1,67108864,65536,UNCOMPRESSED,natural,0,DONTPRUNE,16,0.01,8192,100,1,42298834944,134217728,86839070720,9600266240,9600266112,0,-1,1136.98,-1,745.69,,,,
select_orderpriority,SSD2GPU,100,1,,2,1,1,268435456,65536,UNCOMPRESSED,natural,0,DONTPRUNE,16,0.01,8192,100,1,42298834944,536870912,86839070720,9600266240,9600266112,0,-1,1080.54,-1,582.473,,,,
select_orderpriority,SSD2GPU,100,1,,2,1,1,65536,65536,BEST_BW_COMP,natural,0,DONTPRUNE,16,0.01,8192,100,1,42298834944,1699015680,86775697408,1023455232,9600266112,0,-1,382739,-1,46260.6,,,,
select_orderpriority,SSD2GPU,100,1,,2,1,1,262144,65536,BEST_BW_COMP,natural,0,DONTPRUNE,16,0.01,8192,100,1,42298834944,1699900416,86775894016,727875584,9600266112,0,-1,110841,-1,12301.3,,,,
select_orderpriority,SSD2GPU,100,1,,2,1,1,1048576,65536,BEST_BW_COMP,natural,0,DONTPRUNE,16,0.01,8192,100,1,42298834944,1703439360,86776156160,660602880,9600266112,0,-1,31108.1,-1,3463.1,,,,
select_orderpriority,SSD2GPU,100,1,,2,1,1,4194304,65536,BEST_BW_COMP,natural,0,DONTPRUNE,16,0.01,8192,100,1,42298834944,1717595136,86776156160,645906432,9600266112,0,-1,8972.16,-1,1017.14,,,,
select_orderpriority,SSD2GPU,100,1,,2,1,1,16777216,65536,BEST_BW_COMP,natural,0,DONTPRUNE,16,0.01,8192,100,1,42298834944,1774218240,86788739072,643096576,9600266112,0,-1,2894.63,-1,313.445,,,,
select_orderpriority,SSD2GPU,100,1,,2,1,1,67108864,65536,BEST_BW_COMP,natural,0,DONTPRUNE,16,0.01,8192,100,1,42298834944,2000710656,86839070720,645537792,9600266112,0,-1,1256.32,-1,135.816,,,,
select_orderpriority,SSD2GPU,100,1,,2,1,1,268435456,65536,BEST_BW_COMP,natural,0,DONTPRUNE,16,0.01,8192,100,1,42298834944,2906680320,86839070720,645341184,9600266112,0,-1,992.931,-1,82.4423,,,,
select_orderpriority,SSD2GPU,100,1,,4,1,1,65536,65536,UNCOMPRESSED,natural,0,DONTPRUNE,16,0.01,8192,100,1,42298834944,262144,86775697408,9600266240,9600266112,0,-1,1265.65,-1,8498.74,,,,
select_orderpriority,SSD2GPU,100,1,,4,1,1,262144,65536,UNCOMPRESSED,natural,0,DONTPRUNE,16,0.01,8192,100,1,42298834944,1048576,86775894016,9600266240,9600266112,0,-1,1046.3,-1,2977.1,,,,
select_orderpriority,SSD2GPU,100,1,,4,1,1,1048576,65536,UNCOMPRESSED,natural,0,DONTPRUNE,16,0.01,8192,100,1,42298834944,4194304,86776156160,9600266240,9600266112,0,-1,1041.15,-1,1189.82,,,,
select_orderpriority,SSD2GPU,100,1,,4,1,1,4194304,65536,UNCOMPRESSED,natural,0,DONTPRUNE,16,0.01,8192,100,1,42298834944,16777216,86776156160,9600266240,9600266112,0,-1,1210.75,-1,609.824,,,,
select_orderpriority,SSD2GPU,100,1,,4,1,1,16777216,65536,UNCOMPRESSED,natural,0,DONTPRUNE,16,0.01,8192,100,1,42298834944,67108864,86788739072,9600266240,9600266112,0,-1,1162.04,-1,499.954,,,,
select_orderpriority,SSD2GPU,100,1,,4,1,1,67108864,65536,UNCOMPRESSED,natural,0,DONTPRUNE,16,0.01,8192,100,1,42298834944,268435456,86839070720,9600266240,9600266112,0,-1,1000.89,-1,496.421,,,,
select_orderpriority,SSD2GPU,100,1,,4,1,1,268435456,65536,UNCOMPRESSED,natural,0,DONTPRUNE,16,0.01,8192,100,1,42298834944,1073741824,86839070720,9600266240,9600266112,0,-1,1016.14,-1,533.1,,,,
select_orderpriority,SSD2GPU,100,1,,4,1,1,65536,65536,BEST_BW_COMP,natural,0,DONTPRUNE,16,0.01,8192,100,1,42298834944,3398031360,86775697408,1023455232,9600266112,0,-1,382913,-1,23305.4,,,,
select_orderpriority,SSD2GPU,100,1,,4,1,1,262144,65536,BEST_BW_COMP,natural,0,DONTPRUNE,16,0.01,8192,100,1,42298834944,3399800832,86775894016,727875584,9600266112,0,-1,110925,-1,6127.02,,,,
select_orderpriority,SSD2GPU,100,1,,4,1,1,1048576,65536,BEST_BW_COMP,natural,0,DONTPRUNE,16,0.01,8192,100,1,42298834944,3406878720,86776156160,660602880,9600266112,0,-1,31099.6,-1,1745.25,,,,
select_orderpriority,SSD2GPU,100,1,,4,1,1,4194304,65536,BEST_BW_COMP,natural,0,DONTPRUNE,16,0.01,8192,100,1,42298834944,3435190272,86776156160,645906432,9600266112,0,-1,8968.19,-1,500.594,,,,
select_orderpriority,SSD2GPU,100,1,,4,1,1,16777216,65536,BEST_BW_COMP,natural,0,DONTPRUNE,16,0.01,8192,100,1,42298834944,3548436480,86788739072,643096576,9600266112,0,-1,2849.83,-1,163.91,,,,
select_orderpriority,SSD2GPU,100,1,,4,1,1,67108864,65536,BEST_BW_COMP,natural,0,DONTPRUNE,16,0.01,8192,100,1,42298834944,4001421312,86839070720,645537792,9600266112,0,-1,1266.27,-1,76.4444,,,,
select_orderpriority,SSD2GPU,100,1,,4,1,1,268435456,65536,BEST_BW_COMP,natural,0,DONTPRUNE,16,0.01,8192,100,1,42298834944,5813360640,86839070720,645341184,9600266112,0,-1,985.971,-1,62.9651,,,,
select_orderpriority,SSD2GPU,100,1,,8,1,1,65536,65536,UNCOMPRESSED,natural,0,DONTPRUNE,16,0.01,8192,100,1,42298834944,524288,86775697408,9600266240,9600266112,0,-1,1078.42,-1,4391.43,,,,
select_orderpriority,SSD2GPU,100,1,,8,1,1,262144,65536,UNCOMPRESSED,natural,0,DONTPRUNE,16,0.01,8192,100,1,42298834944,2097152,86775894016,9600266240,9600266112,0,-1,1090.59,-1,1565.21,,,,
select_orderpriority,SSD2GPU,100,1,,8,1,1,1048576,65536,UNCOMPRESSED,natural,0,DONTPRUNE,16,0.01,8192,100,1,42298834944,8388608,86776156160,9600266240,9600266112,0,-1,1233.98,-1,687.83,,,,
select_orderpriority,SSD2GPU,100,1,,8,1,1,4194304,65536,UNCOMPRESSED,natural,0,DONTPRUNE,16,0.01,8192,100,1,42298834944,33554432,86776156160,9600266240,9600266112,0,-1,1055.83,-1,476.538,,,,
select_orderpriority,SSD2GPU,100,1,,8,1,1,16777216,65536,UNCOMPRESSED,natural,0,DONTPRUNE,16,0.01,8192,100,1,42298834944,134217728,86788739072,9600266240,9600266112,0,-1,1155.24,-1,464.779,,,,
select_orderpriority,SSD2GPU,100,1,,8,1,1,67108864,65536,UNCOMPRESSED,natural,0,DONTPRUNE,16,0.01,8192,100,1,42298834944,536870912,86839070720,9600266240,9600266112,0,-1,1105.47,-1,465.003,,,,
select_orderpriority,SSD2GPU,100,1,,8,1,1,268435456,65536,UNCOMPRESSED,natural,0,DONTPRUNE,16,0.01,8192,100,1,42298834944,2147483648,86839070720,9600266240,9600266112,0,-1,1037.76,-1,468.217,,,,
select_orderpriority,SSD2GPU,100,1,,8,1,1,65536,65536,BEST_BW_COMP,natural,0,DONTPRUNE,16,0.01,8192,100,1,42298834944,6796062720,86775697408,1023455232,9600266112,0,-1,382605,-1,11729.2,,,,
select_orderpriority,SSD2GPU,100,1,,8,1,1,262144,65536,BEST_BW_COMP,natural,0,DONTPRUNE,16,0.01,8192,100,1,42298834944,6799601664,86775894016,727875584,9600266112,0,-1,110918,-1,3131.43,,,,
select_orderpriority,SSD2GPU,100,1,,8,1,1,1048576,65536,BEST_BW_COMP,natural,0,DONTPRUNE,16,0.01,8192,100,1,42298834944,6813757440,86776156160,660602880,9600266112,0,-1,31086.6,-1,889.257,,,,
select_orderpriority,SSD2GPU,100,1,,8,1,1,4194304,65536,BEST_BW_COMP,natural,0,DONTPRUNE,16,0.01,8192,100,1,42298834944,6870380544,86776156160,645906432,9600266112,0,-1,8956.26,-1,256.204,,,,
select_orderpriority,SSD2GPU,100,1,,8,1,1,16777216,65536,BEST_BW_COMP,natural,0,DONTPRUNE,16,0.01,8192,100,1,42298834944,7096872960,86788739072,643096576,9600266112,0,-1,2770.25,-1,91.1255,,,,
select_orderpriority,SSD2GPU,100,1,,8,1,1,67108864,65536,BEST_BW_COMP,natural,0,DONTPRUNE,16,0.01,8192,100,1,42298834944,8002842624,86839070720,645537792,9600266112,0,-1,1246.17,-1,58.1388,,,,
select_orderpriority,SSD2GPU,100,1,,8,1,1,268435456,65536,BEST_BW_COMP,natural,0,DONTPRUNE,16,0.01,8192,100,1,42298834944,11626721280,86839070720,645341184,9600266112,0,-1,983.248,-1,61.8992,,,,
select_orderpriority,SSD2GPU,100,1,,16,1,1,65536,65536,UNCOMPRESSED,natural,0,DONTPRUNE,16,0.01,8192,100,1,42298834944,1048576,86775697408,9600266240,9600266112,0,-1,1284.85,-1,2472.57,,,,
select_orderpriority,SSD2GPU,100,1,,16,1,1,262144,65536,UNCOMPRESSED,natural,0,DONTPRUNE,16,0.01,8192,100,1,42298834944,4194304,86775894016,9600266240,9600266112,0,-1,1113.02,-1,893.376,,,,
select_orderpriority,SSD2GPU,100,1,,16,1,1,1048576,65536,UNCOMPRESSED,natural,0,DONTPRUNE,16,0.01,8192,100,1,42298834944,16777216,86776156160,9600266240,9600266112,0,-1,1037.67,-1,495.605,,,,
select_orderpriority,SSD2GPU,100,1,,16,1,1,4194304,65536,UNCOMPRESSED,natural,0,DONTPRUNE,16,0.01,8192,100,1,42298834944,67108864,86776156160,9600266240,9600266112,0,-1,1025.5,-1,468.351,,,,
select_orderpriority,SSD2GPU,100,1,,16,1,1,16777216,65536,UNCOMPRESSED,natural,0,DONTPRUNE,16,0.01,8192,100,1,42298834944,268435456,86788739072,9600266240,9600266112,0,-1,1256.51,-1,461.995,,,,
select_orderpriority,SSD2GPU,100,1,,16,1,1,67108864,65536,UNCOMPRESSED,natural,0,DONTPRUNE,16,0.01,8192,100,1,42298834944,1073741824,86839070720,9600266240,9600266112,0,-1,1038.33,-1,461.437,,,,
select_orderpriority,SSD2GPU,100,1,,16,1,1,268435456,65536,UNCOMPRESSED,natural,0,DONTPRUNE,16,0.01,8192,100,1,42298834944,4294967296,86839070720,9600266240,9600266112,0,-1,1168.26,-1,463.297,,,,
select_orderpriority,SSD2GPU,100,1,,16,1,1,65536,65536,BEST_BW_COMP,natural,0,DONTPRUNE,16,0.01,8192,100,1,42298834944,13592125440,86775697408,1023455232,9600266112,0,-1,382516,-1,11718.2,,,,
select_orderpriority,SSD2GPU,100,1,,16,1,1,262144,65536,BEST_BW_COMP,natural,0,DONTPRUNE,16,0.01,8192,100,1,42298834944,13599203328,86775894016,727875584,9600266112,0,-1,110916,-1,3101.33,,,,
select_orderpriority,SSD2GPU,100,1,,16,1,1,1048576,65536,BEST_BW_COMP,natural,0,DONTPRUNE,16,0.01,8192,100,1,42298834944,13627514880,86776156160,660602880,9600266112,0,-1,31095.9,-1,853.359,,,,
select_orderpriority,SSD2GPU,100,1,,16,1,1,4194304,65536,BEST_BW_COMP,natural,0,DONTPRUNE,16,0.01,8192,100,1,42298834944,13740761088,86776156160,645906432,9600266112,0,-1,8949.8,-1,234.671,,,,
select_orderpriority,SSD2GPU,100,1,,16,1,1,16777216,65536,BEST_BW_COMP,natural,0,DONTPRUNE,16,0.01,8192,100,1,42298834944,14193745920,86788739072,643096576,9600266112,0,-1,2825.45,-1,74.2554,,,,
select_orderpriority,SSD2GPU,100,1,,16,1,1,67108864,65536,BEST_BW_COMP,natural,0,DONTPRUNE,16,0.01,8192,100,1,42298834944,16005685248,86839070720,645537792,9600266112,0,-1,1251.16,-1,58.5261,,,,
select_orderpriority,SSD2GPU,100,1,,16,1,1,268435456,65536,BEST_BW_COMP,natural,0,DONTPRUNE,16,0.01,8192,100,1,42298834944,23253442560,86839070720,645341184,9600266112,0,-1,978.069,-1,71.3362,,,,
select_commitdate,SSD2GPU,100,1,,1,1,1,65536,65536,UNCOMPRESSED,natural,0,DONTPRUNE,16,0.01,8192,100,1,42298834944,65536,81975578624,4800135168,4800133056,0,-1,610.978,-1,16437,,,,
select_commitdate,SSD2GPU,100,1,,1,1,1,262144,65536,UNCOMPRESSED,natural,0,DONTPRUNE,16,0.01,8192,100,1,42298834944,262144,81975775232,4800135168,4800133056,0,-1,531.052,-1,5526.7,,,,
select_commitdate,SSD2GPU,100,1,,1,1,1,1048576,65536,UNCOMPRESSED,natural,0,DONTPRUNE,16,0.01,8192,100,1,42298834944,1048576,81975775232,4800135168,4800133056,0,-1,640.375,-1,2056.17,,,,
select_commitdate,SSD2GPU,100,1,,1,1,1,4194304,65536,UNCOMPRESSED,natural,0,DONTPRUNE,16,0.01,8192,100,1,42298834944,4194304,81977872384,4800135168,4800133056,0,-1,521.254,-1,926.145,,,,
select_commitdate,SSD2GPU,100,1,,1,1,1,16777216,65536,UNCOMPRESSED,natural,0,DONTPRUNE,16,0.01,8192,100,1,42298834944,16777216,81990455296,4800135168,4800133056,0,-1,665.783,-1,450.188,,,,
select_commitdate,SSD2GPU,100,1,,1,1,1,67108864,65536,UNCOMPRESSED,natural,0,DONTPRUNE,16,0.01,8192,100,1,42298834944,67108864,82007232512,4800135168,4800133056,0,-1,518.989,-1,399.754,,,,
select_commitdate,SSD2GPU,100,1,,1,1,1,268435456,65536,UNCOMPRESSED,natural,0,DONTPRUNE,16,0.01,8192,100,1,42298834944,268435456,82007232512,4800135168,4800133056,0,-1,541.756,-1,452.224,,,,
select_commitdate,SSD2GPU,100,1,,1,1,1,65536,65536,BEST_BW_COMP,natural,0,DONTPRUNE,16,0.01,8192,100,1,42298834944,147456,81975578624,1500045312,4800133056,0,-1,8012.84,-1,8973.69,,,,
select_commitdate,SSD2GPU,100,1,,1,1,1,262144,65536,BEST_BW_COMP,natural,0,DONTPRUNE,16,0.01,8192,100,1,42298834944,589824,81975775232,1500037120,4800133056,0,-1,2821.12,-1,2816.54,,,,
select_commitdate,SSD2GPU,100,1,,1,1,1,1048576,65536,BEST_BW_COMP,natural,0,DONTPRUNE,16,0.01,8192,100,1,42298834944,2359296,81975775232,1451302912,4800133056,0,-1,1122.67,-1,1158.45,,,,
select_commitdate,SSD2GPU,100,1,,1,1,1,4194304,65536,BEST_BW_COMP,natural,0,DONTPRUNE,16,0.01,8192,100,1,42298834944,9437184,81977872384,1444823040,4800133056,0,-1,679.171,-1,504.735,,,,
select_commitdate,SSD2GPU,100,1,,1,1,1,16777216,65536,BEST_BW_COMP,natural,0,DONTPRUNE,16,0.01,8192,100,1,42298834944,37748736,81990455296,1443364864,4800133056,0,-1,550.322,-1,420.319,,,,
select_commitdate,SSD2GPU,100,1,,1,1,1,67108864,65536,BEST_BW_COMP,natural,0,DONTPRUNE,16,0.01,8192,100,1,42298834944,150994944,82007232512,1442922496,4800133056,0,-1,531.416,-1,190.334,,,,
select_commitdate,SSD2GPU,100,1,,1,1,1,268435456,65536,BEST_BW_COMP,natural,0,DONTPRUNE,16,0.01,8192,100,1,42298834944,603979776,82007232512,1442803712,4800133056,0,-1,532.076,-1,161.328,,,,
select_commitdate,SSD2GPU,100,1,,2,1,1,65536,65536,UNCOMPRESSED,natural,0,DONTPRUNE,16,0.01,8192,100,1,42298834944,131072,81975578624,4800135168,4800133056,0,-1,788.535,-1,8208.57,,,,
select_commitdate,SSD2GPU,100,1,,2,1,1,262144,65536,UNCOMPRESSED,natural,0,DONTPRUNE,16,0.01,8192,100,1,42298834944,524288,81975775232,4800135168,4800133056,0,-1,525.905,-1,2788.38,,,,
select_commitdate,SSD2GPU,100,1,,2,1,1,1048576,65536,UNCOMPRESSED,natural,0,DONTPRUNE,16,0.01,8192,100,1,42298834944,2097152,81975775232,4800135168,4800133056,0,-1,635.638,-1,1083.61,,,,
select_commitdate,SSD2GPU,100,1,,2,1,1,4194304,65536,UNCOMPRESSED,natural,0,DONTPRUNE,16,0.01,8192,100,1,42298834944,8388608,81977872384,4800135168,4800133056,0,-1,727.83,-1,501.031,,,,
select_commitdate,SSD2GPU,100,1,,2,1,1,16777216,65536,UNCOMPRESSED,natural,0,DONTPRUNE,16,0.01,8192,100,1,42298834944,33554432,81990455296,4800135168,4800133056,0,-1,541.773,-1,316.502,,,,
select_commitdate,SSD2GPU,100,1,,2,1,1,67108864,65536,UNCOMPRESSED,natural,0,DONTPRUNE,16,0.01,8192,100,1,42298834944,134217728,82007232512,4800135168,4800133056,0,-1,604.267,-1,300.792,,,,
select_commitdate,SSD2GPU,100,1,,2,1,1,268435456,65536,UNCOMPRESSED,natural,0,DONTPRUNE,16,0.01,8192,100,1,42298834944,536870912,82007232512,4800135168,4800133056,0,-1,523.146,-1,294.921,,,,
select_commitdate,SSD2GPU,100,1,,2,1,1,65536,65536,BEST_BW_COMP,natural,0,DONTPRUNE,16,0.01,8192,100,1,42298834944,294912,81975578624,1500045312,4800133056,0,-1,7714.59,-1,4517.69,,,,
select_commitdate,SSD2GPU,100,1,,2,1,1,262144,65536,BEST_BW_COMP,natural,0,DONTPRUNE,16,0.01,8192,100,1,42298834944,1179648,81975775232,1500037120,4800133056,0,-1,2816.28,-1,1482.64,,,,
select_commitdate,SSD2GPU,100,1,,2,1,1,1048576,65536,BEST_BW_COMP,natural,0,DONTPRUNE,16,0.01,8192,100,1,42298834944,4718592,81975775232,1451302912,4800133056,0,-1,1256.31,-1,595.463,,,,
select_commitdate,SSD2GPU,100,1,,2,1,1,4194304,65536,BEST_BW_COMP,natural,0,DONTPRUNE,16,0.01,8192,100,1,42298834944,18874368,81977872384,1444823040,4800133056,0,-1,677.824,-1,272.671,,,,
select_commitdate,SSD2GPU,100,1,,2,1,1,16777216,65536,BEST_BW_COMP,natural,0,DONTPRUNE,16,0.01,8192,100,1,42298834944,75497472,81990455296,1443364864,4800133056,0,-1,548.588,-1,160.463,,,,
select_commitdate,SSD2GPU,100,1,,2,1,1,67108864,65536,BEST_BW_COMP,natural,0,DONTPRUNE,16,0.01,8192,100,1,42298834944,301989888,82007232512,1442922496,4800133056,0,-1,533.198,-1,118.901,,,,
select_commitdate,SSD2GPU,100,1,,2,1,1,268435456,65536,BEST_BW_COMP,natural,0,DONTPRUNE,16,0.01,8192,100,1,42298834944,1207959552,82007232512,1442803712,4800133056,0,-1,530.469,-1,101.275,,,,
select_commitdate,SSD2GPU,100,1,,4,1,1,65536,65536,UNCOMPRESSED,natural,0,DONTPRUNE,16,0.01,8192,100,1,42298834944,262144,81975578624,4800135168,4800133056,0,-1,599.473,-1,4252.28,,,,
select_commitdate,SSD2GPU,100,1,,4,1,1,262144,65536,UNCOMPRESSED,natural,0,DONTPRUNE,16,0.01,8192,100,1,42298834944,1048576,81975775232,4800135168,4800133056,0,-1,612.005,-1,1455.75,,,,
select_commitdate,SSD2GPU,100,1,,4,1,1,1048576,65536,UNCOMPRESSED,natural,0,DONTPRUNE,16,0.01,8192,100,1,42298834944,4194304,81975775232,4800135168,4800133056,0,-1,525.139,-1,580.205,,,,
select_commitdate,SSD2GPU,100,1,,4,1,1,4194304,65536,UNCOMPRESSED,natural,0,DONTPRUNE,16,0.01,8192,100,1,42298834944,16777216,81977872384,4800135168,4800133056,0,-1,708.709,-1,317.539,,,,
select_commitdate,SSD2GPU,100,1,,4,1,1,16777216,65536,UNCOMPRESSED,natural,0,DONTPRUNE,16,0.01,8192,100,1,42298834944,67108864,81990455296,4800135168,4800133056,0,-1,519.082,-1,252.754,,,,
select_commitdate,SSD2GPU,100,1,,4,1,1,67108864,65536,UNCOMPRESSED,natural,0,DONTPRUNE,16,0.01,8192,100,1,42298834944,268435456,82007232512,4800135168,4800133056,0,-1,578.923,-1,254.38,,,,
select_commitdate,SSD2GPU,100,1,,4,1,1,268435456,65536,UNCOMPRESSED,natural,0,DONTPRUNE,16,0.01,8192,100,1,42298834944,1073741824,82007232512,4800135168,4800133056,0,-1,551.294,-1,249.863,,,,
select_commitdate,SSD2GPU,100,1,,4,1,1,65536,65536,BEST_BW_COMP,natural,0,DONTPRUNE,16,0.01,8192,100,1,42298834944,589824,81975578624,1500045312,4800133056,0,-1,7696.06,-1,2317.86,,,,
select_commitdate,SSD2GPU,100,1,,4,1,1,262144,65536,BEST_BW_COMP,natural,0,DONTPRUNE,16,0.01,8192,100,1,42298834944,2359296,81975775232,1500037120,4800133056,0,-1,2811.9,-1,788.402,,,,
select_commitdate,SSD2GPU,100,1,,4,1,1,1048576,65536,BEST_BW_COMP,natural,0,DONTPRUNE,16,0.01,8192,100,1,42298834944,9437184,81975775232,1451302912,4800133056,0,-1,1119.58,-1,310.984,,,,
select_commitdate,SSD2GPU,100,1,,4,1,1,4194304,65536,BEST_BW_COMP,natural,0,DONTPRUNE,16,0.01,8192,100,1,42298834944,37748736,81977872384,1444823040,4800133056,0,-1,676.097,-1,148.231,,,,
select_commitdate,SSD2GPU,100,1,,4,1,1,16777216,65536,BEST_BW_COMP,natural,0,DONTPRUNE,16,0.01,8192,100,1,42298834944,150994944,81990455296,1443364864,4800133056,0,-1,549.012,-1,93.5643,,,,
select_commitdate,SSD2GPU,100,1,,4,1,1,67108864,65536,BEST_BW_COMP,natural,0,DONTPRUNE,16,0.01,8192,100,1,42298834944,603979776,82007232512,1442922496,4800133056,0,-1,534.263,-1,87.9834,,,,
select_commitdate,SSD2GPU,100,1,,4,1,1,268435456,65536,BEST_BW_COMP,natural,0,DONTPRUNE,16,0.01,8192,100,1,42298834944,2415919104,82007232512,1442803712,4800133056,0,-1,529.005,-1,84.5293,,,,
select_commitdate,SSD2GPU,100,1,,8,1,1,65536,65536,UNCOMPRESSED,natural,0,DONTPRUNE,16,0.01,8192,100,1,42298834944,524288,81975578624,4800135168,4800133056,0,-1,522.759,-1,2192.92,,,,
select_commitdate,SSD2GPU,100,1,,8,1,1,262144,65536,UNCOMPRESSED,natural,0,DONTPRUNE,16,0.01,8192,100,1,42298834944,2097152,81975775232,4800135168,4800133056,0,-1,690.775,-1,807.296,,,,
select_commitdate,SSD2GPU,100,1,,8,1,1,1048576,65536,UNCOMPRESSED,natural,0,DONTPRUNE,16,0.01,8192,100,1,42298834944,8388608,81975775232,4800135168,4800133056,0,-1,530.323,-1,561.469,,,,
select_commitdate,SSD2GPU,100,1,,8,1,1,4194304,65536,UNCOMPRESSED,natural,0,DONTPRUNE,16,0.01,8192,100,1,42298834944,33554432,81977872384,4800135168,4800133056,0,-1,598.963,-1,240.201,,,,
select_commitdate,SSD2GPU,100,1,,8,1,1,16777216,65536,UNCOMPRESSED,natural,0,DONTPRUNE,16,0.01,8192,100,1,42298834944,134217728,81990455296,4800135168,4800133056,0,-1,619.753,-1,235.136,,,,
select_commitdate,SSD2GPU,100,1,,8,1,1,67108864,65536,UNCOMPRESSED,natural,0,DONTPRUNE,16,0.01,8192,100,1,42298834944,536870912,82007232512,4800135168,4800133056,0,-1,544.387,-1,232.68,,,,
select_commitdate,SSD2GPU,100,1,,8,1,1,268435456,65536,UNCOMPRESSED,natural,0,DONTPRUNE,16,0.01,8192,100,1,42298834944,2147483648,82007232512,4800135168,4800133056,0,-1,683.225,-1,313.348,,,,
select_commitdate,SSD2GPU,100,1,,8,1,1,65536,65536,BEST_BW_COMP,natural,0,DONTPRUNE,16,0.01,8192,100,1,42298834944,1179648,81975578624,1500045312,4800133056,0,-1,7659.07,-1,1258.72,,,,
select_commitdate,SSD2GPU,100,1,,8,1,1,262144,65536,BEST_BW_COMP,natural,0,DONTPRUNE,16,0.01,8192,100,1,42298834944,4718592,81975775232,1500037120,4800133056,0,-1,2973.53,-1,439.592,,,,
select_commitdate,SSD2GPU,100,1,,8,1,1,1048576,65536,BEST_BW_COMP,natural,0,DONTPRUNE,16,0.01,8192,100,1,42298834944,18874368,81975775232,1451302912,4800133056,0,-1,1239.67,-1,286.878,,,,
select_commitdate,SSD2GPU,100,1,,8,1,1,4194304,65536,BEST_BW_COMP,natural,0,DONTPRUNE,16,0.01,8192,100,1,42298834944,75497472,81977872384,1444823040,4800133056,0,-1,679.734,-1,91.0719,,,,
select_commitdate,SSD2GPU,100,1,,8,1,1,16777216,65536,BEST_BW_COMP,natural,0,DONTPRUNE,16,0.01,8192,100,1,42298834944,301989888,81990455296,1443364864,4800133056,0,-1,553.091,-1,76.419,,,,
select_commitdate,SSD2GPU,100,1,,8,1,1,67108864,65536,BEST_BW_COMP,natural,0,DONTPRUNE,16,0.01,8192,100,1,42298834944,1207959552,82007232512,1442922496,4800133056,0,-1,534.319,-1,79.1487,,,,
select_commitdate,SSD2GPU,100,1,,8,1,1,268435456,65536,BEST_BW_COMP,natural,0,DONTPRUNE,16,0.01,8192,100,1,42298834944,4831838208,82007232512,1442803712,4800133056,0,-1,730.989,-1,79.5771,,,,
select_commitdate,SSD2GPU,100,1,,16,1,1,65536,65536,UNCOMPRESSED,natural,0,DONTPRUNE,16,0.01,8192,100,1,42298834944,1048576,81975578624,4800135168,4800133056,0,-1,612.873,-1,1261.75,,,,
select_commitdate,SSD2GPU,100,1,,16,1,1,262144,65536,UNCOMPRESSED,natural,0,DONTPRUNE,16,0.01,8192,100,1,42298834944,4194304,81975775232,4800135168,4800133056,0,-1,608.257,-1,447.587,,,,
select_commitdate,SSD2GPU,100,1,,16,1,1,1048576,65536,UNCOMPRESSED,natural,0,DONTPRUNE,16,0.01,8192,100,1,42298834944,16777216,81975775232,4800135168,4800133056,0,-1,570.394,-1,249.75,,,,
select_commitdate,SSD2GPU,100,1,,16,1,1,4194304,65536,UNCOMPRESSED,natural,0,DONTPRUNE,16,0.01,8192,100,1,42298834944,67108864,81977872384,4800135168,4800133056,0,-1,519.677,-1,233.5,,,,
select_commitdate,SSD2GPU,100,1,,16,1,1,16777216,65536,UNCOMPRESSED,natural,0,DONTPRUNE,16,0.01,8192,100,1,42298834944,268435456,81990455296,4800135168,4800133056,0,-1,641.146,-1,252.242,,,,
select_commitdate,SSD2GPU,100,1,,16,1,1,67108864,65536,UNCOMPRESSED,natural,0,DONTPRUNE,16,0.01,8192,100,1,42298834944,1073741824,82007232512,4800135168,4800133056,0,-1,518.098,-1,232.173,,,,
select_commitdate,SSD2GPU,100,1,,16,1,1,268435456,65536,UNCOMPRESSED,natural,0,DONTPRUNE,16,0.01,8192,100,1,42298834944,4294967296,82007232512,4800135168,4800133056,0,-1,646.8,-1,238.506,,,,
select_commitdate,SSD2GPU,100,1,,16,1,1,65536,65536,BEST_BW_COMP,natural,0,DONTPRUNE,16,0.01,8192,100,1,42298834944,2359296,81975578624,1500045312,4800133056,0,-1,7715.96,-1,1190.65,,,,
select_commitdate,SSD2GPU,100,1,,16,1,1,262144,65536,BEST_BW_COMP,natural,0,DONTPRUNE,16,0.01,8192,100,1,42298834944,9437184,81975775232,1500037120,4800133056,0,-1,2802.19,-1,320.91,,,,
select_commitdate,SSD2GPU,100,1,,16,1,1,1048576,65536,BEST_BW_COMP,natural,0,DONTPRUNE,16,0.01,8192,100,1,42298834944,37748736,81975775232,1451302912,4800133056,0,-1,1121.32,-1,131.052,,,,
select_commitdate,SSD2GPU,100,1,,16,1,1,4194304,65536,BEST_BW_COMP,natural,0,DONTPRUNE,16,0.01,8192,100,1,42298834944,150994944,81977872384,1444823040,4800133056,0,-1,673.326,-1,74.6554,,,,
select_commitdate,SSD2GPU,100,1,,16,1,1,16777216,65536,BEST_BW_COMP,natural,0,DONTPRUNE,16,0.01,8192,100,1,42298834944,603979776,81990455296,1443364864,4800133056,0,-1,543.878,-1,83.0386,,,,
select_commitdate,SSD2GPU,100,1,,16,1,1,67108864,65536,BEST_BW_COMP,natural,0,DONTPRUNE,16,0.01,8192,100,1,42298834944,2415919104,82007232512,1442922496,4800133056,0,-1,533.18,-1,78.2202,,,,
select_commitdate,SSD2GPU,100,1,,16,1,1,268435456,65536,BEST_BW_COMP,natural,0,DONTPRUNE,16,0.01,8192,100,1,42298834944,9663676416,82007232512,1442803712,4800133056,0,-1,531.743,-1,80.6062,,,,
#DONE
